The Beatles Yellow Submarine NEW Jigsaw Puzzle 2014 Subafilms 1000 pcs FREE SHIPOpens in a new window or tab,$29.95,https://www.ebay.com/itm/305335396108?hash=item471768670c:g:hH4AAOSwmYNjIPVL&amdata=enc%3AAQAIAAAA4O9uUGypgJoPwDC8UWRWKxbVKIXb1lS9ulJjFBv%2BnLhLuBcV%2FiPWfXGbSzqXLgPFhgr4grmyE1hWa0cqGCzDn4f32g9x7jYJpx3%2FJeP6U90wLE85epP%2B2GnXiKJBOXP3Tc3UdieJU1r2340y0e%2Fu2%2BmMZWk64GszcaI%2F1ZKuEZavfEmM%2F6CKhlTvhESJVd3VaCc2G14Acd0d%2BTTnMOfS0RLrcQiUuBm9BVnl%2FfRd8%2Buas6ME%2BNm%2BW2xgehFd7sHvBeWerTGjf7SS3ettqMLKVmEmU%2Fxrx%2F%2Bev3OCQsKdEWGr%7Ctkp%3ABFBM4sC7wahj
The Beatles Christmas Abbey Road (1000 Piece Jigsaw Puzzle)Opens in a new window or tab,$22.37,https://www.ebay.com/itm/116006231041?hash=item1b02829c01:g:clcAAOSwlcplddln&amdata=enc%3AAQAIAAAA4O3Kf%2BwNbncjXxn3vCQheJ80K0lN2CLqbWnZ8hlRYcGTBknvvaMIOfw2oR3aycvi8TvhDwEQn8iOU0Y4O5B7tW3TqSPlbfZjAxkdsmNqNZeueFIyTILdf6aCxuKpdFJFKjjI41IkSfWOF33jKX25tFXt3Q5cuQsa%2BpnZizVdzNfNRk9riWzrVJGY3coNKLOuANAhXwi%2BXX0WcjgUmCYqvRKuvYeeWjI1WcZs7%2FsmmxLCbvanAgnwTTljnlhL9%2FNoJpr%2FLvPSJnUs7V8DWLcnSbmxs81FVfHWJN4mrFAsh%2B99%7Ctkp%3ABFBM4sC7wahj
The Beatles 'Sgt Pepper's Lonely Hearts..' 1000 Piece Jigsaw Puzzle - NEWOpens in a new window or tab,$19.99,https://www.ebay.com/itm/274988171588?hash=item4006928144:g:HNIAAOSwBslhazYI&amdata=enc%3AAQAIAAAA4ORtxNM9U%2Fl7R1onmJO%2BQ0NXMJiYSmojik06Ze1YikdJwQYDlehuT6qwtnoYnavzsgQGwsLbAtXAStOxGzujgNKtp8vreXHbNwlmqPe40HJW1pi%2BXq1KFH1Bo3C%2B5kG4xDIb5j76qFGpWNrqZrl%2Ft1nxet8YxHTrl2pNMumyd86wJYHUiuivVmnxLUyfq4qMIktpc1u0vydn2kjGtcArD4ARbEIWWYeFpR%2BQeIo9Ac8JIJH35U%2F8RPjh0wrIBP1yMOlbvucbGtVSHDvlIpKsonsi%2BkCxioA6KVDBtcXbXwIA%7Ctkp%3ABFBM4sC7wahj
Ravensburger 1000 pc. Beatles Sgt. Peppers puzzle *new* *sealed*Opens in a new window or tab,$30.00,https://www.ebay.com/itm/186216922413?hash=item2b5b64bd2d:g:V6IAAOSw6JRlgmxu&amdata=enc%3AAQAIAAAA4Ds5o324S5316nVnKjfevVd4Egukoj9YtbsO%2BjsdzRXEMp7pTZA%2BofTawuKPopGdw1iJtVJqiSpv6O0qLY%2FvHPCnlIH87b%2BV9tKASEZgYDJUYm6Phbg9iyHhKYdEPNGobMN3z6QJFmZpAUp2zzP02tY3dp8BtzGAhUZZ3z5MhQl3EUz%2BEmS%2BsUJ3XsccVAyYGwwjGY3JnE0L6oyASlMI6YXYl8Neu7jDYqYzqMQ7iUTX1j4Hy6o46yxQTxlpNCX%2BrLBDB56FgG7qa43KRBRi3tS01CnJIPCikKoH8czwwKLE%7Ctkp%3ABFBM5MC7wahj
1964 The Beatles Official Fan Club Red Slide Puzzle Brain GameOpens in a new window or tab,$9.99,https://www.ebay.com/itm/235403187936?hash=item36cf1f96e0:g:hUMAAOSwXrFlswQx&amdata=enc%3AAQAIAAAA4LhbdN07%2FadFaREE8bRFj8Jk45bYQIJahgHeZJd8e%2B1MaAHNI2RkYN5cqbGBfDnS1cad%2F%2BUtofLheecGVOCtAFsB4AqcPUczw1aYNSLysL97Zyl5rcUS9aS9JQgTsjVezmV%2FEa1kRIN43jTi%2FXy%2BaKALUfS6kajNiO1vrYYg8cAoXamqP9Yxe9nI43r%2BLS8Q1m%2B6bRSfAHCecUUC%2BU4RFmJTg%2FBoZyecN9Ol8VAmc4L%2FGTTJbFGO3TPiJCTLTWb4NisaOuT2DFG0Vp70s7EFDd9lXWLOwrzLFSn5ePYubsVM%7Ctkp%3ABk9SR-TAu8GoYw
The Beatles 1000 Piece Jigsaw Puzzle 20”x27” Apple Corps Aquarius SealedOpens in a new window or tab,$24.99,https://www.ebay.com/itm/335222319941?epid=1100161351&hash=item4e0cceab45:g:ezwAAOSww0llrsJh&amdata=enc%3AAQAIAAAAwHm%2FGdAMitXTxTFjSLfQG91O121tVmVfFudjHyELUJ0%2FewAcV%2BKlGWBx7HYI7U26geBdFxHH28aILJJMmsYzuyXJCo8mUBrnLImiTIEp6RlMIqvUwFEDgf0%2Fhp1kSO8jz0TqZOOU0CH3%2FuGgKzO%2FEurJKb1E11waNAEI3gzx2oozzNJtcohrOBLEp3DB5b0dl%2FsSN3RBFHraSVVBuwZ%2BNPDz5gKFdlO5gbWkjfSu2chp7%2FouMnFNIcgsGS1BdKsXuA%3D%3D%7Ctkp%3ABk9SR-TAu8GoYw
The Beatles Ravensburger Puzzle Jigsaw 1000 Pieces Factory SealedOpens in a new window or tab,$20.00,https://www.ebay.com/itm/395160180057?hash=item5c0161d559:g:NKwAAOSwk6JlOGNH&amdata=enc%3AAQAIAAAA4DONDG%2FRZ9CaAQPXwdPMitzeRfDkxPAK1L65IswjAK3qtXC8BXcunqzKHiPpapaGIcLLcvJqknndZtIRd%2FMdaj4Jhox2LPtnn788KSJZRauZOcFVem9W64lLnOX0WrHTf2zlZxSdJ87qCWDca1f9OsMejeTLxfUlGwu5UIWoDEbWmjsXh2epmxUESsEoQqvZ5UuqWlUGE0%2BB0URvNZSWspJ313%2BQHR6GZxX0yC5p6P2a0%2Ft6xmKCLlCN6MbPEed17T%2F9NqSnIeWhex1L3w16cxMR5pMvE6eUznwVXtr9KdHN%7Ctkp%3ABk9SR-TAu8GoYw
The Beatles Yellow Submarine 600 piece 2-Sided Shaped Jigsaw Puzzle Aquarius NEWOpens in a new window or tab,$17.13,https://www.ebay.com/itm/305360789658?hash=item4718ebe09a:g:qlQAAOSwioNlqA-C&amdata=enc%3AAQAIAAAA4EmF%2ByGTNXDoqHX24lR9nWg5oTTqCKNAHteONp1NipFNd5ZTdYCflU6i9MDk7aNrh58fS%2B3Iuh86nPLMRo9Ji8cWrAVaYuCXqaJB2RXtByWqU3B19iu8LWN%2FRg041dUhemlMW8kjQfLm6Mm9wyy6q3nDxvnMaOewLdVLmU4DoOE1PkOurV4slgbtRTPWvpSY4DBCspGluyA4rbi21v5IRo%2BmcoTilNN%2Fu4TphXev3UpaC%2BOrHayYxbJDUzwVezZ4p1h%2BLsg%2BAHiuOWTeBEUv7VaSDn6XwI%2FDXkk1ZPEMFJ6h%7Ctkp%3ABk9SR-TAu8GoYw
NEW The Beatles Yellow Submarine Aquarius 1000 piece puzzle  Factory SealedOpens in a new window or tab,$14.99,https://www.ebay.com/itm/355195945487?epid=1900032170&hash=item52b354020f:g:Ri0AAOSw3wtlN-vt&amdata=enc%3AAQAIAAAAwJ5k8TQqbC%2BXJ6kSxlhZkCFGwgREQ5gQkmdruD%2Bl4rru3cthWpn0ISeS6svWYkSDZzxJhOpFY2endumOi%2Fgad9p0QAWChRwk%2FoSwIlRv2bkfxaTFFtkx9LC8Ekd%2F2gUR8cQyGYWCvr7%2FOFoySdb1w%2FBHUq8hG3Cnepec1L6x8LHyCHPpv5UrLFcc%2FGW6aQxoTUMxW6fMAILsc%2F9HCn7t%2FQOII6Uqc1YLu1Bsuort9YvQn8K1DbNU%2FJvwQMX5VdIacA%3D%3D%7Ctkp%3ABk9SR-bAu8GoYw
NIB!! Beatles For Sale Puzzle Album 500 Pieces SEALED Collectors Edition Opens in a new window or tab,$16.00,https://www.ebay.com/itm/305370945222?epid=1400171812&hash=item471986d6c6:g:WZwAAOSwcFhfdOlE&amdata=enc%3AAQAIAAAAwPteMRVHoGXKtD4jPpT2vdMC03pThMDhYdv1IxFf1A5Cw3pNfiDuUjP1YZP5e6TT4HEF1rL0PjL3t7p2ed%2BYKRkbByP8HjHSL2a4XpJi3i3XIM7aD4oy0rZLteuvh1A9uoKkhHJfvUd9zGPGpSQRPN4RD2OrFZQWhTQSDG%2FueRdsjMGh4UVcwyzILPhc0UzrTRYABDkaWoChQTW8fjvslgYuq0g6tbEi7BmzQiD1vqd8dVBV1syzUagHUH6879TVrA%3D%3D%7Ctkp%3ABk9SR-bAu8GoYw
The Beatles Through the Years Jigsaw Puzzle Ravensburger 2000 Piece PanoramaOpens in a new window or tab,$24.99,https://www.ebay.com/itm/224858114284?epid=11038164135&hash=item345a9688ec:g:YnkAAOSwHRZiGp0R&amdata=enc%3AAQAIAAAA4PJOGSLAVVhkl3QnbziRx1w4GHhP44BpcjKKjLccIhaDnONYAkr%2BvUh4kkKLBhe5FVFW1foJ3FXOcINemr9nGTdCb7O2FPNk%2FyTii2lkfXcn4%2BT6sOzzIZ0guO4vaWAF4yKPtmo3nHzIG%2FQu8BiI3y0rturOpk9BR1KomuFKzI3ccwf7AbEm558K%2FtAm39WrYZWgOVE92tIHdHkMhWDhS8m%2FG6P7UVF3C%2BQxtIANgOmtrcFy36EJgwWok1eqPMki6AfG7CRY9sX9tduKAJCBELARI%2BTJx9TqLYpV1JF7864T%7Ctkp%3ABk9SR-bAu8GoYw
The Beatles  1000 piece Jigsaw  puzzleOpens in a new window or tab,$18.99,https://www.ebay.com/itm/404755599243?hash=item5e3d504f8b:g:WKEAAOSwg7plrWuN&amdata=enc%3AAQAIAAAA4KWOho5B5l9wz4fTBijhUaMdk9pkdusd48TpXxug0WQV5P3IN8xwpedJ7uR%2FG50t1a4Gy3vC31qfZTCrcG%2B7L8q90EGjEDO7VWfcWZynYKQF9pl3exV8w8hp%2FfJ3QbIs8ULmDTZyC00OvMlD05v%2BrctO2AIAEYaWTYMdClZe9mrKbM8VVss11HgXzfsUWw0RV5zYH%2B3J6YjRqRocbMPpuPXehuOt3x6CntX3kwu2Nq6Rz1MCLm%2FqmX1GNwDgm80%2BuDpA56tRl2r6ftW6pGnKDpse%2BjBDPE0zJxD72XP6bNhU%7Ctkp%3ABk9SR-bAu8GoYw
Ravensburger The Beatles Tickets 1000 Piece Jigsaw Puzzle New & Sealed  Opens in a new window or tab,$49.29,https://www.ebay.com/itm/116049841279?epid=738291711&hash=item1b051c0c7f:g:hnYAAOSwMUVe~r09&amdata=enc%3AAQAIAAAAwBY0o%2BSG3lFRC0HZX1jyU15eJszTd1eNMLQx7736%2FLWOQDFyGdup7q5TL%2FJKXIdY1AmvGBlcgnB3R5KadlIokunxFhzlkWEJQyFkvbv0rqnnI8DOn2nIp9JZFihKEbrADzQ1Vd%2Fsd4E9NRNZ4mcnlKJpYG8TiT5RdSK5bRzE%2BZORjVHMJ9DZwsxnk3W5Smyojioi05pwNtm8QMNUCOO1mMKH%2BsM6KHTUq3CXgaGCUdhom43hlAbp2vVqOONYZxFopA%3D%3D%7Ctkp%3ABk9SR-bAu8GoYw
The Beatles 'Album Collage' 1000 Piece Jigsaw Puzzle - NEWOpens in a new window or tab,$19.99,https://www.ebay.com/itm/274725786844?epid=19044974913&hash=item3ff6eed4dc:g:JXgAAOSwC2BgVIh0&amdata=enc%3AAQAIAAAA4E9DK8Rf7qNDioNtmDXoGh1w3Cm3R1OFCsZRaTpzZQtG9shsIVCHZqG2fM%2BCv4p9H9JwXyyw3Ssml1BuCJAIu44xi%2B%2BlzsGZWUN082KeOBOHokc5qatRUsOgM9I3b19Ro%2BH%2BWYr0O%2FGROXCBa0w8bYE%2FV7z151w9fsOXYl2cZQPZNBVoB3Q98XWmvQ6AhHJF4EwILRuT%2B%2BOA9CQ1CkD4lspmyH4doBnWpWQL9DAaBw1yMHA0fwCuTFairPSY7usrXCy%2F2EQNcis694Pi7UoEKd3sdLztLMhqpR1U8TouflMJ%7Ctkp%3ABFBM5sC7wahj
"NEW Aquarius ""A Magical Mystery Tour Of Beatles Songs"" 3000 Piece Jigsaw PuzzleOpens in a new window or tab",$28.00,https://www.ebay.com/itm/296123756974?epid=25018196965&hash=item44f259f1ae:g:xJEAAOSwIjVlWeeT&amdata=enc%3AAQAIAAAA4Per6vmhY47RkNjUR5WjqHfxVGNC1Yb4GyCQ3Ri262RvP7li8o%2Fo7NEaTnTyJJXYlFr0sCfG99d4YZbRE90g4R4mG4GbCDPopsq2M50guAYo%2Bv3Su4KWKUfNLPIPaKtY%2Bnn9fHNYorlBKnIUHEu0Xi3rWS5eCk2Z22mQs9axk2BrRxbPCsF9Fh%2FT400qL7bq8%2FPevwh1a39PjLn4sugKlaqsl3tgpDbqQR%2B2tJObPJL87Du9hrAdD02bEUicI6NAh0X6lqfhf6QDAjOt%2B6%2BQLov09SlV5oywia5kKOFdNYxV%7Ctkp%3ABFBM5sC7wahj
Vintage Beatles Abbey Road 300 Pieces Puzzle 2 Sided Sealed Opens in a new window or tab,$14.99,https://www.ebay.com/itm/315025325839?hash=item4958f8ff0f:g:CKQAAOSwvvxlPrGg&amdata=enc%3AAQAIAAAA4I9MM9%2B%2BhY3peaiJk1umBJPNU7BaB2CcbVdhsBXA0T%2B7wpyiTdfewxi7iiCY2HP2fYnpYmGe2e95mSR5ZgdaPkTH7jL5nSTvnQHwwLpFS1mauXe%2FzxoBv%2BYvl6RtQAcHfXemhznN3KDbK7lvaW5eZeh9YFFy9TbZ1WuV%2B8SwcejrUDKbUkIaMP6NqfqqpbhM56RTbo%2FSie40hdLPxwjVfk75KcbBTtqjwBVwIStGJUSRK%2B%2FCMUsz72yiizRu%2F09WOEQlngX7tNSqgRIb7xMHocq3Hse9O5E5EhIqklvjy39j%7Ctkp%3ABFBM5sC7wahj
Beatles 1000 Piece Jigsaw PuzzleOpens in a new window or tab,$131.31,https://www.ebay.com/itm/256388749500?epid=1100161351&hash=item3bb1f5d8bc:g:wHsAAOSwEvJlsgiF&amdata=enc%3AAQAIAAAAwKcLAFnvQcQE8mQwpWy%2BsYkS7xHC0DKl%2FixNoPMPSXj%2B1mixZi6V48RRvJzI3OBAnJKkjpyqHUsiMGVMDn9ROXjgrT8aV4Sw3vRyraaXv4SsZXOGmVFVS4SyEGXvIo0bf9i0uFe%2FoPEN1ewgHWu%2Br3Qbp7t8fo6oPilTdavpJzYGj9cRkI3cg7Bkw0ZA%2FRd7SN9g4UptUjguc7HRm1xMXCgu9Ry%2FFBdiiIcGDAk2OQAPu2GeN7WOkKjByQH3qLLZ7w%3D%3D%7Ctkp%3ABk9SR-bAu8GoYw
RAVENSBURGER “THE BEATLES” PANORAMA 1000 piece puzzle NEW! SEALED!Opens in a new window or tab,$9.99,https://www.ebay.com/itm/256267149421?epid=16015734913&hash=item3baab6606d:g:m~YAAOSwhPhlNmFG&amdata=enc%3AAQAIAAAA4OQnqACmlgll6lXoJK7doyPx9smCHeE8jnIxITo1ZXBwp3oZRTV%2BJISSNZWKCoWPpYWuABg0Zdko6UF1S5rMjVDLWiVnMPme7hiGkcwgmpO%2BxKe7U3EmQlX1qNeY1JRV7BAL%2BNDaugWuCvlH5jKQpZKA0b%2B07PVaPhyuhuElmceB1oTHfAxWruQilg99pM5xeeF4n02RANGcYPCVboM8xQLoT6UJVWpuABBFTonTHiqt13bXw5x4Bf6prg%2FLPS9HT4l3VgGjyOhLhFOoSJGPiWNh7m6BMhAhvqU41Fj1Ml1N%7Ctkp%3ABk9SR-jAu8GoYw
Aquarius The Beatles Abbey Road 1000 Piece Jigsaw Puzzle /Brand New 20x27Opens in a new window or tab,$15.99,https://www.ebay.com/itm/305037087491?hash=item4705a09303:g:IYAAAOSwh6Jku~i1&amdata=enc%3AAQAIAAAAwHxrRFCX1btefqUrxhp6lVjLrvHZM51gvnhfk9QyNSXSgPwiXqR5I1qweqyud9qBE4ZuroKZTr83d%2B3loKn2zJ3uH98Dttx1xHTWZRddWGhIQszoXZdHMP7UN3r5qnQWKTO5UKoEiUmI1YdQI8hdZ2jpB6NlKx9%2FZE%2By089TqG8b%2Ba5YaNylEJOXh1RlO4sU4xILrA4jb8R7TV48Ez2SbYPPIuEVnyaRBhxDPm%2B3mn8Ny0asaj6zZw3hHM87k%2BbejQ%3D%3D%7Ctkp%3ABk9SR-jAu8GoYw
Ravensburger Puzzle The Beatles 1000 Panorama - NIBOpens in a new window or tab,$29.99,https://www.ebay.com/itm/375032588852?epid=16015734913&hash=item5751af2a34:g:QqUAAOSwxNllRaLP&amdata=enc%3AAQAIAAAA4IdZdnBPKMoqpA5M2VaOeuFi2F90%2FcvdpoZPN8bOniXj79qnzlO1UbzUgUx3%2BmHTfc7f2POwYWNVsMa8TGN5NuhHEQ3lBwjtiANRzvxabyxQ20kGTupb9i3tN0B%2FczDzdh6qWdBuLKJ%2BT%2F1ChHdoopZTdueF936MWdDnYlg%2FGNTKU0tKh6hFHFBOUaZWtEgT71oyLj6pPNjR97GwtvBf4Dv5js5YPdWpakkY4gzERNyrLj95xsJG9FmO6pamxorU6uaO8a0in7phm14Jc5KsM7EOPlZTzTQqFVynfQRMnj7n%7Ctkp%3ABk9SR-jAu8GoYw
Ravensburger Puzzle-The Beatles-1000 PieceOpens in a new window or tab,$9.99,https://www.ebay.com/itm/156017120844?epid=14011381268&hash=item245358564c:g:IdcAAOSw58JlqxR9&amdata=enc%3AAQAIAAAA4CUI6I7PauWU7ixceHfRt7G9QIIBeFWcsj8JLe4%2FqjJTdePtnM8gf0wy2fPtQ1C8T1OdXFHx%2FLtsF7PBuTzdQqNbc9jOUCLonUz1f5CmIZIVMAFOJJc7ETuZ0y4J%2FZrxiHNdexBuUHgqVyruYUo%2FAQuwL3ZDwLRITKRWvkqbWE0DTM%2FxMjUgfJnTQLzRPHWN6RfsTLsoNA2v4SgSHeLv4rr5513BYYV6UgvR8mNmY4iquVCU4RKG%2FmxZWTfBKHKqxN%2FGjduAug9cINW2%2Bhxa2uGxdPy4KXey7AT%2F46%2FSWQuo%7Ctkp%3ABk9SR-jAu8GoYw
Aquarius A Magical Mystery Tour of 100 Beatles Songs 300Pc Jigsaw PuzzleOpens in a new window or tab,$15.00,https://www.ebay.com/itm/126290293957?epid=25018196965&hash=item1d677cf4c5:g:KjcAAOSwZDdlqrsO&amdata=enc%3AAQAIAAAA4OCoep2znftob%2BSTvVmbyYl4uMtrLk4v6SYcQaxyxIiJ4UFQGZTdyYlsFKW%2F%2BFqK6tAq35MsKEEmEDU1TuFGw4%2Bh8fxBtU9uP0EPR%2FHDauJ6oHMwtJbHELLyiupDfKGg4cCsbJk8TyHxaNGNzsl6Wp8IVZtyFRsj6AYIFy6TUkQoKDtN2%2BsLPsJ2wGnjw9JsDBlDRhXdCXzWRNJ5kY0%2FexHczgYUhCgGvKvRLoCuPA%2BbtPMj%2BtR%2BBLmMt%2FxcotZNe6IoRIg1SLf0MxNEGWzObH8dLuu%2B8pTNdWa%2FSzKO6ZsH%7Ctkp%3ABk9SR-jAu8GoYw
Beatles 3000 Piece NIB Jigsaw Puzzle Magical Mystery Tour of 100 Beatles SongsOpens in a new window or tab,$18.75,https://www.ebay.com/itm/404718877865?hash=item5e3b1ffca9:g:xLkAAOSwfXJlkxE1&amdata=enc%3AAQAIAAAAwIti75rSiAFdRz656FArlXwIpREI7UDHJjw%2FIm5mrWQR4GDopyVd0nUI3Pgv3QXyeBzpERDD%2Bd%2FUP7XK27Vh%2BsT9QveWi7Gov2cZGAoN0ZHoy5jk58V%2FS3BRtoyzqHzhoSFL4BWlyX1HRNXFH3Jc95uXl15NiejEO6K7f49YY7HanAc3TSf2n3MlXi%2FDRIFkzGjqyiYLeU7kNsSElFc%2FxAhYQG4yRrRdOD8selnVmUKg0J2JKVKU3Q09mJDCBP9JsQ%3D%3D%7Ctkp%3ABk9SR-jAu8GoYw
The Beatles Let It Be (1000 Piece Jigsaw Puzzle)Opens in a new window or tab,$22.37,https://www.ebay.com/itm/115994986745?epid=3044977449&hash=item1b01d708f9:g:XXUAAOSw9Q5lZ7Ns&amdata=enc%3AAQAIAAAAwA%2B2MWVyuTGW3vVaEIZlraF2uKfxuEl8IN93IBbgeE%2BbzW9PYxXysD1ktZCY54okvTjDWmQaOot%2Bv07wKtFUeUSL3A8RdrRSOpSSYGGxPtvQkR9SW6cpeOomroU5k5kZ09%2Fm%2B%2BBg687zeb5c94Ri7ouqO2rwMVDYc2mHX7%2B3RdLVhTif0icuIes8un3jQOVx0WnxhGcvksEZYKbQ6cNueSAB%2FhGUC7aYCi%2FdKyTznGQ3oV65Xy3wpDue%2FM4jPuWv6g%3D%3D%7Ctkp%3ABk9SR-jAu8GoYw
Ravensburger puzzle - 2000 pieces - The Beatles￼ (New/Sealed)Opens in a new window or tab,$30.00,https://www.ebay.com/itm/285164784979?hash=item4265254d53:g:mOAAAOSw6DFkH5Po&amdata=enc%3AAQAIAAAA4FmjaWk8walnP6gQcg9nO3tCW%2BaakcSFCJ9Y5kBc4P83CJEEJLjvjtIgvEGauHzEEepitriLf%2BKI%2FWLvVn6PStYwyih4a1Meq4nvGjwfTqbKKfS1tCJVeFW4NyhPe3bqZPI%2BMwmMIpYa4a%2Bg0rbKpO%2FbKqa%2FtIQw9TrnLIWJ3sj8uOPgQCrHlHb8XyUv%2FsRONjGOQUawF0rjt%2Bv78C%2FxE6T8ukW3zAFi6Qd2WyP5Er8Lj4P%2F3oAKJB%2Ftxd4D9udiMuhi648YA%2BoU9kfViwOc%2Fo7AgT%2FyWw%2BkGEA4VONtRoHY%7Ctkp%3ABk9SR-rAu8GoYw
"The Beatles, Stained Glass Window, Jigsaw Puzzle, Punch Front Cover,  11/23/66Opens in a new window or tab",$35.00,https://www.ebay.com/itm/145552222306?hash=item21e396a862:g:FjYAAOSwr7xljaCB&amdata=enc%3AAQAIAAAA4HyAFrz%2Bax4Ee0j3dtYD6wSJuEzNUUpjnRll265QGrxehg0UGSsFoocTEJLaIr%2BZlU56uvKD9uKGvke%2BiWSCT21OI6FBbPw1ygOP4hrmyHdJccPEcGojxZy4KIKkatlJLOnmbapsdNrqy7bneQ0BMRcea342DM4iMoN5VxeRob1iVqXTunslS%2BjYDQWaOrcJv0Qd4iI9DYsvhdGuf5FVcTcYk78QLu6o73xNiEpjbmIzS78iYqMTQDFgQcbrET88NZFd5bukJUOhrorrNSGhasNczaQV8NP7vDvdh4uciTwv%7Ctkp%3ABk9SR-rAu8GoYw
Ravensburger The Beatles - 1964-A Photographer’s View Jigsaw Puzzle 1000 P-44Opens in a new window or tab,$21.00,https://www.ebay.com/itm/134347984152?epid=14035354328&hash=item1f47c38d18:g:tzkAAOSwM8Vjh~ci&amdata=enc%3AAQAIAAAA4E7gJlNZMKZkNQ0Va1KKvyGPsBPzVXuknBLG7kImJMljcfV549bhYnifGSlJ6SmMxlEqZGc%2BBSb2WpvPQZEMMqMthSCU6%2F%2Bm8qKhJc8Y5WJWS2lcjfWkHeyyO7PCJGs0QBCV2EpP36BmcSZD9IaDoulAE1OvNEQzbsMJq%2BmruF%2BSCuiJK4CElb1cH6mrrwna%2F85dzEmV9LqtR7Le9HmXPxn5%2Bmsm2mZvcwwI%2Fx1ezGi%2Fzi1UAdzYQ5VLGvOF2ntoLgBo7Ko0HECgKkZVgq74ABtz2g7DriLm328KzepjmfkR%7Ctkp%3ABk9SR-rAu8GoYw
Sunsout Puzzle The Beatles Anthology III Club Band 500pcs NewOpens in a new window or tab,$24.95,https://www.ebay.com/itm/305116443890?epid=17012067036&hash=item470a5b74f2:g:6xgAAOSwlatk9Nb~&amdata=enc%3AAQAIAAAAwIh1Ea3TsEPUYpspe4TxXFpVK2hZSy23Ee6P0c6Gz%2FaucyquCjNxDyZVa0rUtboGQx2nTeLAn4PyL4JAK8o6pDkxZbOVz6Yg8D9oVDb3qgEDC6aBwrvv9nm4CIwIpJa4sjfUPHXgcItWKjog4mBHik5b8tufUjvqA6qMkLgXuubmEmN7%2FUA785mj94ecRtIZPnOZBrk%2B2IO9EUmB3WzIvzxGcHoGmDQTL4cJQ3peS98KbTXkywvIx8%2FMAZcJFjGfgQ%3D%3D%7Ctkp%3ABk9SR-rAu8GoYw
The Beatles SGT Peppers Lonely Hearts Club 2 Sided Puzzle 300 pieces- sealed NewOpens in a new window or tab,$25.00,https://www.ebay.com/itm/285279422122?hash=item426bfa86aa:g:FKwAAOSwBslkN22O&amdata=enc%3AAQAIAAAA4Ce6YdZvjhW9bLw3%2BfkHt2VyZGq5Ii2B193r0u9ArkjjUO1yRMbtO2NykwDqUmlMz%2BlhdsCSwt1RirQzWgpPs5im5YH55eY9Kw0cj8W79BEp9ZGAu81e9Od8WWoMRGr8pNP5p3NJbwxCXyOba03G%2BDKUYTHgKwj7fZbW7S5Uk3IrBSpRB9ZjDt1BtxO%2FKPMkAt2yrHiOmiljz84K7FIoPHAiah6NrLyGYoYF%2F1uZBtalPM3kU7GC0GVEu72sNIyCEgO8zpdLcEbsF7RPQpXnIeNcdpE7bnJASZDCnNIH%2FTXc%7Ctkp%3ABFBM6sC7wahj
"Springbok puzzle features 9 album covers from The Beatles.  Puzzle measures 20""Opens in a new window or tab",$25.95,https://www.ebay.com/itm/126104034952?hash=item1d5c62de88:g:vT8AAOSw5MllDFWT&amdata=enc%3AAQAIAAAA4Ej54C72t8tdgl56FvlWCn8xRydfc53a9EX96xKY6MyCGaty%2FDhvHDlCPZfoHksUTSVThR5B6uW%2F%2F4gSKrC266BinVgoywW0QP1m5SZH6htYqjeZyfZ3rIeq6aXVXUcSkm2yVXU0O1bTb4%2FObOmuG5yYSayYGRHsX57MBI0Hr1EK3zdoeqyXLIY4XauwM0ALrH5CkV9%2FtrdJJ%2Fy%2FEhSlLfvBJPBbWgc3Fi1aVQ25CQCeFwJalH4zaYFqaO1ZDY5Jy%2FKtNbOFeful6paMgvfNG6y%2F%2FLwCwfII8JweFQLF%2FrCX%7Ctkp%3ABFBM6sC7wahj
The Beatles Yellow Submarine Album Cover 2-Sided Puzzle 300 PiecesOpens in a new window or tab,$17.99,https://www.ebay.com/itm/166303678511?epid=1400055421&hash=item26b878c02f:g:XxkAAOSwW55k7TqC&amdata=enc%3AAQAIAAAA4EsZKxPIIFiZdJAgq7T6w3P7HJ3ccBl4NIQb4C8m9dRCZTMTsfZ9j7JsiJu4HBeubHdmcx%2FHvXczHPkORNn4s2%2Bp197x1loZh4AKmHoZg6z2OZYjszLJ35L6HBfyGy6aYJxWhE0HRudd6TvPYK7pok%2Fvam1T9hKMqruhLHp8gwPzgPMd8zNioHdlz9zMAc9JrctBt6QOCGfaQH1%2FgNj1MkodqTuIU0UaFoQlkUg%2B%2Bk6dngJt9KK3MzXZuMrd%2BF1sVs9BcgjUzcFrQ9kZWNaTgMu%2BqqSmq19WkrUQ8YDB%2FPId%7Ctkp%3ABFBM7MC7wahj
THE BEATLES YELLOW SUBMARINE 500 PIECE ZIGSAW PUZZLE RAVENSBURGER  2017 SEALEDOpens in a new window or tab,$22.99,https://www.ebay.com/itm/125812290088?epid=2263090410&hash=item1d4aff3228:g:mq4AAOSw4-xkCrsk&amdata=enc%3AAQAIAAAA4O30by22QX8aeh9oTR8bPbDUntDAzEQZO5%2B%2B6vs0Uh4xo4gIQ9ze8swIs6q8EEEWkXnUcUdkTp%2FpuIiBQl%2B7qwS001XnKx75cwnUYtFp5oYi030FZj6a%2FsoNnFdQxOHgZo%2FN21MxbS4IqO37m71gHdK4wF613D%2BGGyT8oiYLWdPkoFEqCUoDLe%2F6ALtnX%2BbYIeCy5bQlcEMTNwOo4iG6T7hUahvK%2FBw2doWEMOa%2BWkrFqS79lv4f%2BuH%2BMuKnBnAMRJG8kEpR7bX1Svm3IF9E6hWX2bspCuP4eda0bwXkPssV%7Ctkp%3ABFBM7MC7wahj
The Beatles Illustrated Lyrics 800 Piece Jigsaw Puzzle 1970 Read DescriptionOpens in a new window or tab,$59.99,https://www.ebay.com/itm/186107636830?hash=item2b54e12c5e:g:vMIAAOSwPydkfUaL&amdata=enc%3AAQAIAAAAwIHQnEFeUDVUgXu55fHEJbj1zVY%2FsOyGWYWWmQdAIk%2BkkjDtpd%2Fc3s7aEHrIaDP3UBCDAnbzJMvnDEfiIWNY97NfSUSjbCZ5%2F4jkF2e8nVAW9MXogr9ZMH%2B8nXeEJ6w213wNRfANwNW7BAxQ8%2B6I3sZHO5nZN2jbWIkd6KeVcoWb4Hlpkb21T7pnx9TGsEVXolY3S3MJbP4rGO9d52rRWqTsmJSHmS2yLgO7Hl1RwMd5zXt7%2FrkTHq5isw6TYMatLQ%3D%3D%7Ctkp%3ABk9SR-zAu8GoYw
NEW SEALED The Beatles All You Need Is Love 750 Piece Panoramic Puzzle 12”x36”Opens in a new window or tab,$24.95,https://www.ebay.com/itm/166419491875?hash=item26bf5fec23:g:5mAAAOSwgY9lR~QK&amdata=enc%3AAQAIAAAA4HUhyPEl2b6H9GMBjiB1tT86E4wRPlkSUHrGflmFxX2Wp6hx4zGIPtLF2lkLBY0fnWPKWPybd55LDozLGxB0OEAYR9gnxKW62BGL4HtP9Zx3%2BoXaC2Ygw5Rg20FRf6TY9B8s%2Bt%2BCjAX5WpOY7Qx3HrWhvIRCxJE9Oky5RAe0ibi0vnUZ8NO%2Bidni%2BhCCQx01GZiwLVFSkRIaBOQtd4AOsnFZuwm9r8IYJYg2lP3UOoh%2BhcN9X0pbD%2F3vSH4jCmsFVA%2BlOVaUPEcVex22W3cWrTfcdFxX%2F2WAWXTSR4zuxO8T%7Ctkp%3ABk9SR-zAu8GoYw
2009 The Beatles Aquarius Anthology Jigsaw Puzzle 1000 12x36  Brand New / SealedOpens in a new window or tab,$85.00,https://www.ebay.com/itm/374178964364?hash=item571ecde38c:g:QF0AAOSw~TVi0zCw&amdata=enc%3AAQAIAAAA4LN4gAvyY0EQ5TVutbk4Z6%2B07sn2uagM%2Bl%2FcpiOTd%2FrfKTIqXQhL0wHirbbqecNoIW21EwAc%2FPvy4klqYApQOFo6c7RQ%2F8PuqlA%2FtVP9mpZ%2FpuJ0aa5Z8qCC0pYjJQmB%2B4W%2BqQJC0irLzmaSRoiIZBmC%2Fphi4Lp1KQIl%2Be9tdmy81ZEP7CaKfKAWMDQyrCvfQHNkSmfv7Qqu1e7OEe%2FEfmsrzNpHqzhY2Tj%2BOI8O8GTwxcJbrYb5R3wucZTG4d3Sesb1vpHUR8%2FkZdA3Rv5uHmt6g2TMXXcL5CTgeUIKCayx%7Ctkp%3ABk9SR-zAu8GoYw
Aquarius Puzzle The Beatles 1000  Sgt. Pepper Lonley Hearts Yellow Submarine newOpens in a new window or tab,$26.36,https://www.ebay.com/itm/196142151650?hash=item2daafbb7e2:g:b1wAAOSwYzVe9p2X&amdata=enc%3AAQAIAAAA4OZqxDgKxbAuAuEq6x34Fs47lG0IHgSsBjvU7wFFyBpEb3%2B8W86evlE2as%2Be29lyfFmfxCi51GpBpqKyE8%2Bo1ranFWSN4%2FaQ%2FrUVjINnrlpdcbCfSMMmeYTiqA%2BMkdWloq24NsXdddGdqlJtpcHEiEcsuODKNxvxuqkn2%2FWzJ4EskkZMa5Hc9IM2FMZ%2B%2Br2wMge48bWOu5oB51TtE4uY%2Ff2NI6or%2FGqgJDG78T7Z2DTIlMxvid1Hl9AFIfdoOyXYZdmjTOGO5Avp5sb9wGiDwxCV6F9wtyH4yMr3j2eOutTJ%7Ctkp%3ABk9SR-zAu8GoYw
*New Sealed* Beatles John Lennon 1000 Piece New York Jigsaw PuzzleOpens in a new window or tab,$34.95,https://www.ebay.com/itm/364541617318?hash=item54e05fa4a6:g:8CsAAOSwB5xlNLLa&amdata=enc%3AAQAIAAAAwE0ZgSu0td7jbDbpUVgmp2445zxMaVQfSMZ%2BSCivJ%2FXKk9yDSUzv8svd4p0CNYMKOk0WnY4o2jwpcipQ0V%2F%2Fjs2Zwl%2FzJFX9e587MFD58FP%2FfnnQbZkNiSA69Jz%2BXRT8vq8yyYcFQxr2rlMgvN1T3y76kB7818cI35WhQBCI4yl2xuPDw18d4j74NyLJrkXD8Oaid7Q34XuOo1qeZSUP1%2BMGPGNHWHKm9kjLLBULkUDEoVLPngHVTph5ij3c%2FBMTXw%3D%3D%7Ctkp%3ABk9SR-zAu8GoYw
Vintage Beatles Yellow Sub & Hard Days Night Sealed Puzzles 300pcOpens in a new window or tab,$27.95,https://www.ebay.com/itm/196209473407?epid=1400055421&hash=item2daefef77f:g:SmsAAOSwRJhkTB5H&amdata=enc%3AAQAIAAAA4GDJnBQ16OHkpplRrKmfquwBPHpGHDxObQW3Md8DUs25no7Lom2uy30r31CRS1wKSTZ91QU%2FzzEwdoeaDQxg%2B3VaUcT4AlBMG65jCkQcBFsz9c5y4bGHEBnRKYB9yQTZsnvAorC%2FIx1bqKtyq7tgeuYGMwXzJkDNr3Vh6y5hVD%2BhNqWZrl7%2BbHNlZh7wJKQBQ3O6oCeHskUbYqohflyhXnDVk7E5N6Zq4wVfCF79hBAAYki%2FgwfzBhzdVlphJ9ZAHit8wFSJ6kn55929lLQ9t1ybWou3JEx7yM%2B4Nb%2FGVs0A%7Ctkp%3ABk9SR-zAu8GoYw
The Beatles 500 Piece Puzzle Steve Kaufman With the Band Sealed New Open BoxOpens in a new window or tab,$19.90,https://www.ebay.com/itm/314358221116?hash=item493135c93c:g:t6UAAOSw5h9j1vKw&amdata=enc%3AAQAIAAAA4Ovrft0kx8FS9omVuBgXhgrBLD5ydYhLXc9TWp%2BQwMsst4sCjDzTbeDsTTnCDCcYNbWrA3YbVj0ZgnbEk2Fq85tMjXUqYGYOWQ4NvxP%2B3gVQJnOWVZA8iDxJjeNgI5cKuTUPVmWH18PWVb%2FBK9K%2BhFxKBVvXBqzowNY0lcRhkAmYRIi5wBDtAOVGfeg086RcUg0414bEY%2BcK%2FSYtvKgXJdsx0mEcG5gMAgjGVBLZKONSxT2kGbEqhU%2BRLVcDZdtbJ%2BFuWlYpHK74hbX3V45q1nmPGcqLRjqbJCJxpSFOEtyr%7Ctkp%3ABFBM7sC7wahj
The Beatles Vintage Golden Spotlight Puzzle 550 Piece SEALED 1991 Never OpenedOpens in a new window or tab,$14.88,https://www.ebay.com/itm/165810916712?epid=15012041868&hash=item269b19cd68:g:DxsAAOSwal9gdhZn&amdata=enc%3AAQAIAAAA4Ppd7yWXtJx4AA%2FpBUGyNvefzqAE1FkJXsMmJ1ZT89fig3OPt5zw%2BFxRUDmcUTnJhiQDF8%2FJaHjPJJC4pfbXT1p2Owtll4jKft4jsCkMC0AsGxS1%2BJ%2B5YUVz0G1XFLa6928ZgrQF6e5%2Bwl9fD2AlOlZbZIGxRrok5uCh%2FkpiUL0cxaSnAG6zImsiuQxijPsUIyaQPCWWgdsrVMoQcZn9w5b79skCAjlWZwD%2BsBson%2FAbcXT5OyhAJXiu2ONIYXoGiX4eIxXQm3Wk3gWOkAvyRQEv%2FfSe9Gx3%2F41bSswZGWZe%7Ctkp%3ABFBM7sC7wahj
Ravensburger puzzle - 2000 pieces - The Beatles￼ (New/Sealed)Opens in a new window or tab,$23.74,https://www.ebay.com/itm/235321166959?epid=11038164135&hash=item36ca3c0c6f:g:glMAAOSwnDRlZ061&amdata=enc%3AAQAIAAAA4KLpHcfXnutuvhYFjwLSIEIOPiQovKvz%2FzlPxtQm4reuT82T0Th9PMJFzfOQc5opEUha9Q%2Bmdq3I8lnQWd7y2QhMpw6Jv785YEuTFmgRZmaTxoGFAJVObQwZ4J4b%2F%2F7OjedWsGVn0Mf5%2Bx%2Fd9gb4y1QAA3VFauGmwofHkGzxZKHHy0BmpD1qQfK19VdS%2B93XFA88pnaYpWnXJMrfuxHsfWEA4mjok3gJaBbftuPuatMuRFhrSzk7iopQdZ7LcWEFGOazh4Hg%2BB93FIgBB2RbXRyxzmHl5pre5m93qvwIWyTa%7Ctkp%3ABk9SR-7Au8GoYw
"2017 RAVENSBURGER 1000 PC THE BEATLES PUZZLE SERIES #1, 20"" X 27"", GERMANY NIBOpens in a new window or tab",$10.00,https://www.ebay.com/itm/235396729022?hash=item36cebd08be:g:n~UAAOSwbI5lWQle&amdata=enc%3AAQAIAAAA4A860kBy7Lq7rXZsI5OOOSuvPcOxUHw0gFOUCllJMLdQFlbiRHVBFrhoqyt8TTyMpv5bfJZcqRMc7alylrrvuc2UCnEiYMKmI6XmvEVa1b8%2FLAeMBftUCLwOniAnM0BJBTw%2F3X5AwlQPgXPjMmw5skwS0bpURTWO%2B4O90ll78zQ8VlU9NeKZE3z2D4jl%2FqWkRo%2BF01Es5McHzco3VpdKw3yQH0VsK2uPnWjNgCjzgSb2pr3e3Dazyw4PMF5rYYixbpxiBBZm%2FmCXIOOi%2BdTXwWz8KSipITnSorUCqMquk3ON%7Ctkp%3ABk9SR-7Au8GoYw
"2009 The Beatles Anthology Jigsaw Puzzle 1000 12""x36""  Aquarius complete usedOpens in a new window or tab",$15.98,https://www.ebay.com/itm/305362882850?hash=item47190bd122:g:M2YAAOSwro9kaU21&amdata=enc%3AAQAIAAAA4OzeyWtqSzWYmUS%2B1xbQ0JkEzfQ4gfr0uExIvmKSJq4gxgW%2BtLxVlXuNOEGocUd9rPFdnQ5OO%2Bml8BQ%2FskbMq0bIIR73Ng05tmiRBQepU1wzAidhH0vP8qmE8HgXYpiRhNeaKpcyena5YwVjIdNwT5qWtUAZnZ1MgVk2%2FEBA4h0Hl3UpqLNNetOMWCHfGBQQXokYCOE9DSTZgHp7LwyFMNn%2FQZl%2BXe1Vofi%2Fy2mEnCUbrMoB3J2WrMoHaHKbv7BUtP4%2FHPgabZNeQYm%2FY0Tcur7pZHQnZCnc5OGvRMJ3PHp8%7Ctkp%3ABk9SR-7Au8GoYw
NEW Aquarius The Beatles Yellow Submarine jigsaw puzzle 1000 Piece beetles bandOpens in a new window or tab,$27.00,https://www.ebay.com/itm/134878797137?hash=item1f67671d51:g:eCMAAOSwT19k7nOO&amdata=enc%3AAQAIAAAAwOhg9IH0Ubi5ftaYVY7rs5i1CQgsiGrTdpNmSlFEGPKNOWEYg2Q780m4L7F%2BdVFbuEmgRXUKlxGGCTICDTNu10%2BrHTKVjOea8og5%2BcIFBOpOqh%2Fz%2FrvvJMSvRYa801vNHrS7UpMgqgXJpY%2Fh%2BAPKLF5reBhZL7Us37f49UJdiNy3JObQOLHTgsR7wEhCbDv0DS0w7xJee2v%2F3QaTDpt%2FmW5wVXsDsnoBB9rpht156bK%2BROtKyS5ofiGETpADYkL%2Bvw%3D%3D%7Ctkp%3ABk9SR-7Au8GoYw
THE BEATLES YELLOW SUBMARINE 500 PIECE ZIGSAW PUZZLE RAVENSBURGER  2017 SEALEDOpens in a new window or tab,$18.99,https://www.ebay.com/itm/125360596804?epid=2263090410&hash=item1d3012e744:g:8XsAAOSwxxZeug2z&amdata=enc%3AAQAIAAAA4Gb2NetsoyBFASRqsAyrVTfoWrVkjU9JdioaIFnr9qQggDo52MI4FufajMwcIEdHi00rXWIfz2WkysG6ZqR2WCSjdP%2ByTAPXCVWJX581jbZ%2BsfUkOOobLPuY9UzkEV4mwu9n5Egsyx08457wcP0bFOn17YqNpNI2yEzCXJphw6vEZAyRyWWsiYtbZsm7WP5MAUeOoqu34VhVQyNp4OWg%2FXwLbppPVlzl0tNy8CCGZlm57%2BsRlUGiXEqMOIfZyBkiFOnn%2Fms7ur3FIfw5NPV0InhS0dUMFEOqWbS5RMQRl5K8%7Ctkp%3ABk9SR-7Au8GoYw
"Vintage Ceaco Celebrity Superstars ""The '65 Beatles"" 550 Pc. Puzzle.Opens in a new window or tab",$17.99,https://www.ebay.com/itm/354265813154?hash=item527be350a2:g:xAEAAOSwyzVjF9CE&amdata=enc%3AAQAIAAAAwF%2BhkCPTP303zD1RvxZ5lSDlQja621map8JlxFx8lyeTXKTj4BiVHsG%2Be8R1rcxZFL15gHOMKWd3bKamDj%2B73WPOtu3Sj2pFvdfhK%2BfUYxjzH7dWxZcFY4biR4kKTC5LqOHFvgcOU%2FK2Ab6dQw90zSC0BF5nIGxczb0K3c4AoAguyippOmp0MKUTQWl2V73wlVc8WS7QYAjrx04zB2HNjUXYZcUq68s77WUHORz24zJubtxfqP9i5HEU9FWMTd1zCQ%3D%3D%7Ctkp%3ABk9SR-7Au8GoYw
A Magical Mystery Tour of 100 Beatles Songs 3000 Piece Jigsaw Puzzle NEW SealedOpens in a new window or tab,$22.95,https://www.ebay.com/itm/176183918819?epid=25018196965&hash=item29056140e3:g:O4oAAOSwEnVlpbZ-&amdata=enc%3AAQAIAAAA4A7l0r1%2FuHYzIUMqMW%2Fvcrj%2Bmfiw4M9lkRQ2ogkFW%2FyLHY6o8GNqP9wS6PKF61gTulghH4h2n3D1TFaNQYx6zKbwoqezDixaiusib81lxDn1MbS4XJRTlQXpLySG7F3HafIbsijkXi0jX0oYh9bD77fS1Qyk9FRVHBvt0NWfhCFuNN25XiBxKchlZHfbCfvIDHk%2FmKnWufW0Gk%2B7EiDAyu0LVB9s7sbrJSvaYT%2BEd26xqUrHqy7syanIFoZr%2B1KwL13jZtT0bxmG89ei4MKGkPMIRh20seb9pQujANjk965d%7Ctkp%3ABk9SR_DAu8GoYw
Ravensburger The Beatles - 1964-A Photographer’s View Jigsaw Puzzle 1000Opens in a new window or tab,$19.99,https://www.ebay.com/itm/256369865944?epid=14035354328&hash=item3bb0d5b4d8:g:Sj8AAOSw2d1lRomI&amdata=enc%3AAQAIAAAAwBAE%2Fes1%2FaplyhMIhlBA%2F3z9MfPIXENemmgFF%2FEGPSqw1u%2F4CX%2Bz9ysmHkc1V6aEqapoC%2FNkC8xTL%2Ba3QqeRfdNE9lw2R8kLEBEu34mL6V1Oyme4ncy0FYIyI9gd0g%2Fnjbq4nWJ53aahY77xEN97%2BSsdKjnWDBr8O%2BpKvPwzPncmwbIKh5Bk20R4oGRjjBAr0A0sY2jTGENzg4SwzSrt1AcfltkwNZUkgLULfv9wZ%2BXjFrW%2BoYJIX0OLRqbF12u1gg%3D%3D%7Ctkp%3ABk9SR_DAu8GoYw
The Beatles Sealed 2002 Yellow Submarine Puzzle 300 pc Double Sided NewOpens in a new window or tab,$25.00,https://www.ebay.com/itm/285667297387?epid=1400055421&hash=item428319086b:g:YyAAAOSwH9llsGM6&amdata=enc%3AAQAIAAAA4KHUiCrrUuY%2BFS3i%2Fa8IbK8naCADAJVpU5ej2OWJgIIkS6y32oKkhqLyGLB0PNd1cuiG1K7Oa4LJpbiXjwRCRxCBuTEW6ny3xugVeDXW0EjGxk%2F7LDzEoe1FShZ%2BAVpsBrdWtJDqRz2s5PlPaeZw2%2FP4o4ZXfSs0Qn0%2BRI1Ys6ijS854bPo%2F%2BmMzAw8ueXaFtqzH9zPdJpXHI0Lkm25edvRS0%2BMdLqVmDmjiHDHlypEEuLeguuJlTNVsdu1RngEdNs9626Pe1A6oGV9M6ShHcggmQ9zfaCp4NbgdBnapTY5o%7Ctkp%3ABk9SR_DAu8GoYw
The Beatles Sgt. Peppers 2-sided Puzzle in Metal Tin 300 Pc New SealedOpens in a new window or tab,$13.99,https://www.ebay.com/itm/325852805922?epid=1528576679&hash=item4bde573b22:g:eFwAAOSw-dRlMEb9&amdata=enc%3AAQAIAAAA4IEANzndDaKgKZNAaSwSFeqATCBov2biHeyWmOm5nYFjcnPsk%2FnuYCyDA9ENkQA4RZ4aOQs57dgWsZNxLXFLTshsDLjAkJ32Bhk0mqA5MSXuO7MTIQakcFyJBMivrVgNrNkAPvgtnfusH1q5OyIEHWku01WIlxT%2Fdio4nHDdURZn6aRRKZeo91vv2R6G2%2Bom3G6IxI0wMCS9ZdwUVvj5ePibnQNY7dem2uvC5U47mjVxDspOqqZ%2BF31qb9dPb%2FVYG9YqzBnz9MOQSRqqdMsaZa7n%2B%2BNrM%2Bm2lvFvYc45D2nM%7Ctkp%3ABk9SR_DAu8GoYw
Aquarius 68504 A Magical Mystery Tour Of 100 Beatles Songs Jigsaw Puzzle 3000Opens in a new window or tab,$30.00,https://www.ebay.com/itm/335159792311?hash=item4e091492b7:g:DfsAAOSwTpNldnTG&amdata=enc%3AAQAIAAAAwMHjPk1TbUc8LxhZKjwtM7LjpFt9lGNM6rAiNCyFBxua%2BNrw3qejMwcfHSCIIhI3%2Bcw7%2Bm%2F4Xa6jTaoBGCzuqvRoEbAnAv4y7IA2CB41GB1hymreGJFvWLfnPNZoJBSg%2F88spi%2BB73pGhGYa3BvBpClfkZO3LoSYb9Oy2Jtr3EWhzFF5ahI8vQKi5PwOfI8N8QP5k09nvfpLAbmJWPBGxOVbYXw0cvP%2Fzi%2BH%2F2gGdpJeHB2kK%2FJWI43ybvIjMwaOjQ%3D%3D%7Ctkp%3ABk9SR_DAu8GoYw
RARE The Beatles Yellow Submarine Puzzle Jaymar 100+pcs complete 1968 Vintage A+Opens in a new window or tab,$50.00,https://www.ebay.com/itm/305127044760?hash=item470afd3698:g:wkQAAOSwmbZk-1oa&amdata=enc%3AAQAIAAAA4O0guJHQ%2BCN%2BgHJf3NTLnOr967kpAs5jl9GKJHqDLgWAmWW50FEpPnqMNir%2Bsukj3Ppk%2BpBBc77DoABw0PvEarraqPVZCwOL0irGq6utbr4C42H2PefF9TeqWgPPmuWy3YHOyc1nOKX7nj%2B7KoSPDxjvv3871HTIF07sM7yEaj5iLS%2BjFcEXYSw7wjjU0sXbMeroyXvSj8YE8eBisaSRt2jq9pphJ%2FgiV3liCt8jWnJ0KEI4RPrdv0hx1hzk2xGbzbYcO7juKK%2BxYchOJ%2B0wBkWH4fbmkYc%2FuSkIG1m3GEVo%7Ctkp%3ABk9SR_DAu8GoYw
THE BEATLES 2000 PIECE PANORAMA  ZIGSAW PUZZLE RAVENSBURGER  2018 APPLE CORP NEWOpens in a new window or tab,$29.99,https://www.ebay.com/itm/125694122919?epid=11038164135&hash=item1d43f41ba7:g:PnIAAOSwOKlhSMbv&amdata=enc%3AAQAIAAAAwFQ8MekEwEhBFFh8jADm%2FeBMX8MYDHgrcsT8A1%2F5mDV%2B7g1Apz28fJ8F2fMYmjcB%2FhLW2HxCnJ8TbnnyUHogN8RMiSbIXqOvsMwN1D3vzGTdxTzdoHnFnuP35xlSib8W%2FmDAgq3s55xxhxy9cbLpQ2n5CRdVh7QyI9kvmcYKfG%2BCBKxfrVlq3YWz286tzzmZ9H%2Fay6dAExQGLPEgnand9gzheL%2Fd2enJ3Wu8ZS4nShA7OZLUjyP%2B7gq6mgN2Lcb6hg%3D%3D%7Ctkp%3ABk9SR_DAu8GoYw
The Beatles 600 Piece 2 Sided Shaped Jigsaw Puzzle Sgt. Pepper Lonely HeartsOpens in a new window or tab,$19.99,https://www.ebay.com/itm/155745002666?hash=item24432024aa:g:b5YAAOSwbRhk7srO&amdata=enc%3AAQAIAAAAwIIukHxxC2vKZrXiEDbxZec5ye0RG5Lw%2FN6J3WXKFAAllP7%2B%2BMQlfz1YbJ3kfPwKsjLeCEgEr5XfubFGYmGPmrJf4YoGdJdeTaZwEMPy0mqhgAAdD5unu1g7%2BwYFI138xjE0F%2FKAJ0lY%2FZlQNObZ7XKBk5rWiFVPwGHSko92%2Bys6nhTbbeN6qdQ32eq6X%2B%2BduR0szDw3T%2FX4lcjkO2YM7JSyuJycgtcQxxY6zWAFhgfS5HCyc4oAlwBc7Gampwt1mg%3D%3D%7Ctkp%3ABk9SR_DAu8GoYw
Rock 'N Roll-1000 Piece Jigsaw Puzzle-Ray Charles-Stevie Wonder-The Beatles-NewOpens in a new window or tab,$24.99,https://www.ebay.com/itm/156026503359?hash=item2453e780bf:g:FX8AAOSwr0JlKAfb&amdata=enc%3AAQAIAAAA4Eyv4%2FA9FUrBb829K1Qof0o6QmkeKRHYgDLH5%2BV0hwCAvmWj8WZ2buaNBNtM8uF4QRXCLXofMpvilZxJ5z0F8WqT7tkITrKmtHYhV5wKq7BdAjNIVOkesd316VWszeaX8q%2B8tb8g8e%2FFYs4hkrtflxU13dFO1mRVUc2uRg5a%2BgDofBiRdrfazsKZE0ndblVn%2BQOpf19eHT1%2BG%2FITiFvzhAHMSvCntove6hKTMCkUbWlpTsN3eYVDlOCnsb%2FO%2BxsyAco%2FTOX7t%2BMIYaIHkiJPJ54w6wiG8pG%2B1iU39ItaQMbC%7Ctkp%3ABk9SR_LAu8GoYw
The Beatles The Singles Albums Aquarius 1000 Piece Jigsaw Puzzle  SealedOpens in a new window or tab,$14.88$24.20,https://www.ebay.com/itm/126293670884?epid=1600354594&hash=item1d67b07be4:g:vdoAAOSw3NBlo5rL&amdata=enc%3AAQAIAAAAwCtTqnMHYggsz0Uaaj6DPpMiFURcGNckoCPd2qqER%2BAVNprp0VNR64eOOT8XbaEDiql7jYObj0Fc0LRdZnrvMUkT6UPUYPpV7FUZwhD8JRXIqacc2NQ32uc9XYkHbvPs0yGqY2c9M6m9K%2Bx9doVrHqe0we9kTWGAOCTuxS411T%2BPzboaM%2FKsQAWSB5Vgkt0poPON40SpzQZxAL1lPp%2B%2Fx2vupBbuq0RyeDkAEXP8yhVb0zc3wtdKnycAULys2h7nSw%3D%3D%7Ctkp%3ABk9SR_LAu8GoYw
The Beatles 500 Piece Jigsaw Puzzle Collector Series New SealedOpens in a new window or tab,$14.99,https://www.ebay.com/itm/386678240173?epid=1700014788&hash=item5a07d1b3ad:g:I-0AAOSwgaFlmcU-&amdata=enc%3AAQAIAAAAwAtM9Bi8WLnM7i5n1necbkv2tDEYOr%2FWe%2B9ZRXTog9yrPD4J%2FOwDgdxCEqETYHhAtRCcLNYAu5caAP5wy5orHNCBK379eOPUNXDQKHVKKg%2B%2FVRyRoU5pN5MwMJBMrEB5Ut3DjQpPSBdd%2Bg0MiwJwyT8nC%2FktLEtklWRQfqe7Bxi6i6OS1m7mtOUlqJYATPYnsmr1g0Dou6t2ApYRwpO1CNiG9Q%2BSPfRLknIeouMcPWlvFrGzVVsB43zxn%2BDAfPg%2Bmg%3D%3D%7Ctkp%3ABk9SR_LAu8GoYw
THE BEATLES PHOTOMOSAICS Jigsaw Puzzle thousands of mini photos new sealed box .Opens in a new window or tab,$24.99$34.99,https://www.ebay.com/itm/176191183048?hash=item2905d018c8:g:kBgAAOSwSUhkkehZ&amdata=enc%3AAQAIAAAA4J6G1lejadvDqm4Jl%2BC0HWiHC8BW8IS87cnElXEjIsVZoF3UMRk5z954q%2BhVjt9PpYyZ%2Fwrgw7%2BC%2B0XbP95mTCarZW1X426rOLq44zp2k9A%2FSTB8QkPM92k97Deo8MwaMiZ0VoKAhz7IOfsewBLQ%2FnuhrKb8gHq0G1J3awW76WdmGWrXWxtleY%2BivjR0GfI5xzNlhilHOmeG6ut8bjuGimkiCLrQDSBBuuqK0FlbMoxID11RMvMWZaO65Xnj%2FZHZKvs6TkNgZqyemeTBIeQRiYtPLLBrCzLckTzDbHQ1lHME%7Ctkp%3ABk9SR_LAu8GoYw
The Beatles - Abbey Road - 1000 Piece Jigsaw Puzzle - Aquarius - NEWOpens in a new window or tab,$22.86,https://www.ebay.com/itm/285558379823?epid=1000184423&hash=item427c9b152f:g:d5cAAOSwlQRh43ZR&amdata=enc%3AAQAIAAAAwEDYOlLiIYkPxrDT%2BwFhNoW1w4bc%2F6OAVjAJgl2%2FTWLrFBqj4SjF1t%2BJfYIYfv3HQMEgRHjx2XaYuhea%2Bwzf4UXDIjm7lI6uqEXYeMF2wn%2FNe6bLOVTe%2BhXsnq2eb8pPG2AFWEurSk4QyNX%2B0kYo1RBU4itklRlMj%2F7Rrflw7eb5q2rHtQEVf13NdNSbxl%2FXWwGD7Pop8ErFEEUAIzWYVgoOeYLThDLvbkFdMUSTJ%2FeCmbflbhFF4mtWb2NrTyI%2BkQ%3D%3D%7Ctkp%3ABk9SR_LAu8GoYw
"Jaymar - The Beatles Yellow Submarine 650 19"" x 19"" Picture Puzzle - 1968Opens in a new window or tab",$99.99,https://www.ebay.com/itm/315035066997?hash=item49598da275:g:C5AAAOSwYkplfa2O&amdata=enc%3AAQAIAAAAwGTHmJdO0tRKkGaX7XU1AEUYLn8wL7PdfqjgVJ6cg%2FHcEYDeCSVadj26TZDJlAemELcUN2nzD6Fvd7bTSSvmWl342z18jWF1fTjrID2Kc9opL27WPsE9H05w5SH2PYbuATsjneZGO86o9WkejicsIsNGHdamPOxA0jVdmcbyLeUKI2YbW3jNrHXL7BzZWuYhVbgW7ljdXLsdRRboA1x9YAvAI8d8TjGsVQmGvEWbxaBQlOUfQyAjDOMiYzdcTQ5Qdg%3D%3D%7Ctkp%3ABk9SR_LAu8GoYw
Aquarius - THE BEATLES - 1000 Piece PuzzleOpens in a new window or tab,$10.79,https://www.ebay.com/itm/234970223341?hash=item36b55112ed:g:bCQAAOSwUHFkN1b7&amdata=enc%3AAQAIAAAAwB88Z9Fzwq2GSmJVHYMDNwvZSDvRUHZktjIf%2B3GqLptLUIbobGjgukhI8NZjcezqaSSe5DQfhJtrJuvKeP4AgqXhJzWmBKClByS3wdKqGKkvUl9KdkL3dp8LQ%2F9rCK7bULKEpKSdUI1LlZvjrL0sDTivlK%2BNH6kqeQd6PQ1axAey1eTqpeQ9rDzqxy%2BV344Sp0ILAjREuwweClkJ5l%2B%2Fdc95hxOzAYuqPb1SQYqZixi3D%2B5VnJNjzJ2pvIFcjom0Rw%3D%3D%7Ctkp%3ABk9SR_LAu8GoYw
USAopoly Beatles Anthology Jigsaw Puzzles - set of Three - NewOpens in a new window or tab,$44.50,https://www.ebay.com/itm/116045633947?hash=item1b04dbd99b:g:txoAAOSwk1VlD5F3&amdata=enc%3AAQAIAAAAwK3rH%2BGsKuBu1vksErxLf43it66DumYIX6qezuxF%2BfNp%2BwsrZHyROgM8%2FGtW%2FguIi5oRojKAzOZbAP08b2pmAPH48fftmPFztOf8UcxIXKV6%2BqXQe0WKc1iWUtwdd%2B%2FkhcXX2grKHCRCFN0WzmC4oVWm8OpXSdMCnWNFDc%2Bc30fT2kB4gXCbjKg17cVBT4IxRfoVueJllOvW1KtD6kVAEUiYPGPvY2mb8A%2BYQtB7r0bnt40Pfhxdbv2zNDpE2s3nNg%3D%3D%7Ctkp%3ABk9SR_LAu8GoYw
LOT 5 The Beatles 500-3000 Pc Puzzle LotOpens in a new window or tab,$30.00,https://www.ebay.com/itm/335007626704?hash=item4e0002b5d0:g:0dwAAOSwmKxk7PBL&amdata=enc%3AAQAIAAAA4N96l2SZ8ekf9Fxatk46LmACjkhPzQd%2F7wFfrvdDp1%2B6%2B1b1G7wUW3I74xpgm25qNfrDINREmF9392tE5ekwkQfXIBBGRDd6z02SFSLeEALszBMkGWxQH0yoBb75ZwZttHFxsktTEicuRO9VlBjFS6Qj8Hvt8%2FOjxXT1kpJesT%2BQd6qPkJ2QrmINmMvmT4JebLdkx9I03iKQJQCzAlLleWyJFWeVWa7gArhexWv1BhxLMymkl0oIOjtyRjD8w2h2nAXBBqfOz1NkH7dQx9jOiGvN1wOx5XeEkksbO4wuYKFs%7Ctkp%3ABk9SR_TAu8GoYw
Ravensburger The Beatles Albums 1964 - 66 1000 Puzzle #197538 CollectorsOpens in a new window or tab,$13.50$25.50,https://www.ebay.com/itm/375203434891?hash=item575bde118b:g:qJkAAOSw3A5lo1lQ&amdata=enc%3AAQAIAAAAwF6mXvMOlREjMt4Be1uaHfz5CPwszgt2YzLpCsKNqLkz7tukxJVH5meKMB71FnJZv9DElpDRozNDHhYvDZXTvSUbO5e92uNsaXSfuck18wsqVGdT5jMwGVqFMTS1AAv3Vdk3q8Mt5cKmjHMveCoavIdWRnodBH3gsiag16ncSbuZmS5cx%2B25qqJsEbBzPLbzcVhGoYLHOUheUHc4we8d6IHEwtLXmASnLr2yR%2BOP6%2BdhnqtPNtTovWQwy2lQPQN7OQ%3D%3D%7Ctkp%3ABk9SR_TAu8GoYw
Aquarius 1000-Piece Jigsaw Puzzle ~ The Beatles Singles Covers ~ COMPLETEOpens in a new window or tab,$19.89,https://www.ebay.com/itm/364692775764?hash=item54e9622354:g:0TEAAOSwkj9lrV-w&amdata=enc%3AAQAIAAAA4L5EzhlQKELJQvQa0IM%2Fo86m1EtH1wfudPi%2FSZofjkbELoB8o8kGvQRKTdIVbhh4oKGSZqky0sZwbGDtm3D6dDnYYgRJR%2FMF4eD7278qm7aTleeh9G8mqK5zEye80x5OslnxSxM5oHGsb%2F9uKaZmXnz09HHsEqMBwLY8HxtxXxG2JxVyq2X3Sncxopv3k9hUOPfrvdZhmeJJK%2FZiRuoo0UwgsWFoxs2ceyg4guTVII3RrwHlhehL2QFEvcw2CMvPwfYv%2FMMOD%2FscOZr9RlL1%2Fni8mEwZIxMLJZY6kcOW723P%7Ctkp%3ABk9SR_TAu8GoYw
The Beatles 1000 Piece Puzzle 20”x27” Apple Corps Aquarius John LennonOpens in a new window or tab,$11.03,https://www.ebay.com/itm/195940478533?epid=1100161351&hash=item2d9ef66e45:g:KDgAAOSwOdlk3wuf&amdata=enc%3AAQAIAAAAwM9NAQ1wmO4v69iK17L3TZrkXJ4QH4EzOhi%2BbI7e%2FvWgxsuKZTn8d7CKGYXj2xspC4Gn5f9w2BeQToFrxZQzi0tQ21RWbqdYF8itpNPpAgfwXCFeXjO1W7eRX1cAvZqnxzjbgl%2FJ3r0CqbuNy2vKM6I%2BxaVnZvOv0xgYQ4Zc%2B8o%2BjxXIWC3XbZ09PNL2gUT3cCwWikVOub3EF1EFf5zYseP%2F%2Box3xk0SuW9sOBTlExJqrxTJhUFaZ%2F7rIH6myi8mXQ%3D%3D%7Ctkp%3ABk9SR_TAu8GoYw
"John Lennon 1000 Piece 20"" x 27"" Jigsaw Puzzle - Aquarius 65-131Opens in a new window or tab",$10.00,https://www.ebay.com/itm/235398349900?hash=item36ced5c44c:g:JZ8AAOSw5NFlrrZj&amdata=enc%3AAQAIAAAAwKWmnnfVnvu3ePYEmB10U1bLcruKtw8%2FXKeXnYKcpDdCyDxzyziXEOLcpZCTEXWGMVQSyI7m5GDGpGGYDVUE6EGB2L2Bm2yGZOj%2FTjwp1T8NBh4Ppt1wLqN4An9Lak%2BbaExWBG4653Ab50wKvrYAbbCSmsscov0YHYABfMXs183lzzQLaXnrLWQMsfiYZuXgw62N66QMjRnM6XqK%2Bc%2BVkYVpHSyCUGfrFYWu6NtxscTl2bkCYrKF85UCeRKE622nCQ%3D%3D%7Ctkp%3ABk9SR_TAu8GoYw
"Ravensburger ""Beatles - Albums 1964-66"" 1000 Piece Jigsaw Puzzle 2017 CompleteOpens in a new window or tab",$9.99,https://www.ebay.com/itm/176076476193?hash=item28fef9cf21:g:eukAAOSw6rhlbSFr&amdata=enc%3AAQAIAAAA4Kr%2BFfjrog4hOQ3sDNmHJGQH%2B%2Fw9wBoCb14GmKuSLECyAM%2BVXz%2BmBjyj34tMcdYq25hX%2BD9G7KMI5cyTg1YmfelZ2UYSgA%2B9uTExzk%2BuRTysXiGMghKxgvs2Mq8qa0ynbBcdOMTFdv4fWsF4%2FhEsjtzFrYx8RnoioXreQPa1vCma5FSeRrdLf9acg288V6yVzc70SUmvckmwpgO2vPuCaOHl7BKrEIhV2mEzwQ6DtamX4ohX7YL8LfbsznUVBCj7Ct5Q13n9ldfJDPgwTBQhkIVp6mLee0tG%2FZsXxGwv%2F%2BwI%7Ctkp%3ABk9SR_TAu8GoYw
THE BEATLES YELLOW SUBMARINE 500 PIECE ZIGSAW PUZZLE RAVENSBURGER  2017Opens in a new window or tab,$8.99,https://www.ebay.com/itm/256372413166?epid=2263090410&hash=item3bb0fc92ee:g:oekAAOSwOU9lntz7&amdata=enc%3AAQAIAAAA4GaK7%2FXLzUnkuHOOL0%2B47Bqtz%2B614I6ljH5lcbr%2BkQXPYfv2aM3Z8SYFV5mZDVsj2ZqgU0O0G9py3pEuBUxGpES1wdAji9M8HaWMk586FePKOyJjtpmb2Br%2BoymwyRv9FRkO2pe9v2zh7e4MqtJ2ZgVV77e%2ByIDi%2ByG%2F9%2Ba1DCWfoabB6rLja%2BD4DjAuxcFevLHN7TkfeesF8KpSDTvpc4H0G8gfreetCV2Y2yACAnI8qN0ugb996eG8PfQ4ffY2zTqXO0xkYR8Fxnq4D3XJwVPb3MU7u0Ickoe8HzROl0Xc%7Ctkp%3ABk9SR_TAu8GoYw
A Magical Mystery Tour of 100 Beatles Songs Puzzle 3000 Piece Aquarius CompleteOpens in a new window or tab,$13.75,https://www.ebay.com/itm/256373793701?epid=25018196965&hash=item3bb111a3a5:g:bYkAAOSwMaZloHFx&amdata=enc%3AAQAIAAAA4MMn7fgEH%2FXZ1E0u1uHtp3GJmRFy1Xtmzs5au4Bbj%2B2JevzvzADVge8Z6K9Dv6DxCMPWhrHITuPNb%2FpnCQqWF0lo%2FGxQ604GgA9MZCqvxYaNAsh6qZSQJDUkJT6oQkQqmSCZRXKuKmVnnS7%2BMGDb9ebYURc37Sf1k71uESWngbPmKK0o6xpZ9J%2F5aMk1zAEZy73Xf3dmECOd4Oqt8ApAf6nzld3f3uCaTQUOBUy%2BieD4yf02TGmysaQCYM4vE6r5RmLie98Vj2FFBq3d1oJq%2FYxlsCPbj%2FYnR2THdp%2FgWjGu%7Ctkp%3ABk9SR_bAu8GoYw
RAVENSBURGER 1000 PIECE JIGSAW PUZZLE - THE BEATLES - SERIES #2Opens in a new window or tab,$16.50,https://www.ebay.com/itm/155994112727?epid=10018541873&hash=item2451f942d7:g:XE8AAOSwxz9lmcUK&amdata=enc%3AAQAIAAAA4DxQaOETJ5j7GsUNDFLCdh6OtClq60PY0j5EYETHIcdyb2%2B8%2B1EqyxrNlH4HQoZmNwG33obuwuofZFnJTxvV%2BJNyeeXiBFZ1BlZKCnvXhr7E3yE6Ny30w5mWyAGa6KJ4cB0CdNaGC1tWZ05jiRGQfHKjdoQzF60HBbXFOskUyBhqYwzrL2LPt4obiJ9oRJNbOERwU0MMnfBcZB23vQmzRrAqB28%2Fev3wZqAcmO8bKhRhKnURo2tGt42GoF0M%2FF4VtLRfiHH6AZvG%2FI9vDwzwbNXqd7fvtvOl0pTNpgrsQvQJ%7Ctkp%3ABk9SR_bAu8GoYw
The Beatles Abbey Road (1000 pieces) Aquarius jigsaw puzzle Open - A1Opens in a new window or tab,$16.99,https://www.ebay.com/itm/325920460548?epid=1000184423&hash=item4be25f8f04:g:XPwAAOSw9U1fJx7Y&amdata=enc%3AAQAIAAAA4NatLdl0Gwhndr55qmGzZ3jk%2FrshJfZjrPXB%2FZ4sSZlf05rqLlDw4kM%2BZPCQIFfcFt6fbWsVWzT7I6zEFKuTAq7ma6yZ%2BYb7HcVr34YSrYYFwPIf7KBHbu8cLqAvx5agfCNXpCO%2BfehzDHtKT6wp6skH%2FLUnnm55%2FVakk0tKTR1M763jA6Ig5MkMryXZDdfV%2BMPzherP4BXa%2FRPMKOTCnpPCQ%2FnoViGB0AvFR7POFw20QJdcMeSpMoGOVtZAGc%2FaIBMayX20g3DaZBBaMxbym1%2F9q1iosiTPcJf97bgKqDci%7Ctkp%3ABk9SR_bAu8GoYw
The Beatles Yellow Submarine 1000 Piece Jigsaw 20x27 Puzzle 2007Opens in a new window or tab,$14.99,https://www.ebay.com/itm/305064952572?hash=item470749c2fc:g:7qcAAOSwNu1k0-3L&amdata=enc%3AAQAIAAAA4Aeq0%2BbRwlRSANBmj0wEdfltJRCe%2FapohP3Hm9LmyIEdOcwoBeOcVVK0T%2BCmy3qogSSDS8Nur3s4D2hoVV1duomp%2BNg4tmPjDzIo5bH5l1z%2FJydROXuIVy8dqhhmq9%2FAON6yYLyUTPPlQqLq4Hjyagv487Ds1spGibXFqstULUlWE5kVK2OR0SBY%2F628CXjTxz5L1U5FBviIjGSlg1KWFZZX9l0uVXLirXEX8FspRpae1s2XjRWPERm0Gqkm3IS8x6F0EBTzlGxuICC0tj7dEuLuG8TzvaIS2WRT5hydX6UD%7Ctkp%3ABk9SR_bAu8GoYw
THE BEATLES Collectors Edition PUZZLE 500 Pieces New Sealed BEATLES FOR SALEOpens in a new window or tab,$24.95,https://www.ebay.com/itm/196137098423?epid=1400171812&hash=item2daaae9cb7:g:l78AAOSwRxNkdRo8&amdata=enc%3AAQAIAAAA4IxjtenmhptXSbJTnTA1EZ1163FOJPRUNemqIyOrLRK0oEo9zaM5O55kTqMrcR7CgF3GGcNPp96hjasV4yz6ibg9NNhELH8yjGUpa6IdziUNS81nRlc2fkJH2vl%2BShkqa1vPwz6pV9LabIaTx1WtqN5Bj1AQnfJjKY%2B0UVwRudJ7r3Tzrt1DV%2FbcHeYneevl%2FH9Mpl41vizOuKogCuHxkMlRT8gwYFH%2Bh8RCLspOZpToZpM2vYUGv%2FbtJ3zOPkzIhPM7%2FOG8NpgrDU4saqgsbMVCj1U3OA47XeZwgtpyOBe%2B%7Ctkp%3ABFBM9sC7wahj
Ravensburger The Beatles Series 2 #198153 Premium Puzzle 1000 Pieces Opens in a new window or tab,$35.00,https://www.ebay.com/itm/256123336886?epid=23034673514&hash=item3ba223f8b6:g:KAAAAOSwsxdkmyqK&amdata=enc%3AAQAIAAAA4GTDTfdDJ9i6pNZ521vtmUYU4epnR%2FRN9R4bSwacGAttPZEEhPULqeLfDbaExldYin3Kl9mHZY30LHsVisn%2FFn79eL%2B1E%2BOtdQYSW40Kq%2BxyxRYW%2BpWAWXDCeXYC2py%2FICIRkgC%2BLm21KSKOT5VtTWZp5TpKybWCIjckZOganQ7XB3RBhdK4tuhTuHIKIxe3LCPyBHjHbBHFwjR3J9oAk1UxObXDXusgqgdYwDn1vZ8JA01mQqoprFuHtQxVrjogfP3TmC1JI8T3URuvfpWGCvprzyjg85JKOa%2BjkAfN8iJj%7Ctkp%3ABFBM9sC7wahj
